variant,balanced_accuracy,elapsed_sec
+l_b+trig_lb+trig_alpha_delta,0.9646819006107193,187.63377237319946
+l_b+trig_lb,0.9643051100028092,161.1269087791443
+trig_alpha_delta,0.9641867593944574,187.21580839157104
+l_b,0.9639478463277108,144.34634685516357
baseline,0.9636791309932212,139.61229062080383
+l_b+trig_lb(drop_alpha_delta),0.9620100945722548,191.76517391204834
